<?xml version="1.0" encoding="utf-8"?>
<modification>
	<name>Block with feedback</name>
	<version>1.0</version>
	<code>feedback</code>
	<author>Nikita Tokarev</author>
	<link>https://t.me/majorbratishka</link>

    <file path="admin/controller/setting/setting.php">
        <operation>
            <search><![CDATA[$data['captcha_pages'] = array();]]></search>
            <add position="after"><![CDATA[
				$data['captcha_pages'][] = array(
			    'text'  => $this->language->get('text_feedback'),
			    'value' => 'feedback'
		        );
            ]]></add>
        </operation>
    </file>

    <file path="admin/language/en-gb/setting/setting.php">
        <operation>
            <search><![CDATA[
				$_['heading_title']
            ]]></search>
            <add position="after" trim="false" offset="1"><![CDATA[
				$_['text_feedback']              = 'Block with feedback';
            ]]></add>
        </operation>
    </file>

    <file path="admin/language/ru-ru/setting/setting.php">
        <operation>
            <search><![CDATA[
                $_['heading_title']
            ]]></search>
            <add position="after" trim="false" offset="1"><![CDATA[
                $_['text_feedback']              = 'Блок с обратной связью';
            ]]></add>
        </operation>
    </file>

    <file path="catalog/controller/common/header.php">
        <operation>
            <search><![CDATA[
                $data['menu'] = $this->load->controller('common/menu');
            ]]></search>
            <add position="after"><![CDATA[
                $this->load->language('extension/module/feedback');

                $data['callback_active'] = $this->config->get('module_feedback_header');
                
                if ($this->customer->isLogged()) {
                    $data['name_callback'] = $this->customer->getFirstName() . '&nbsp;' . $this->customer->getLastName();
                } else {
                    $data['name_callback'] = '';
                }

                if ($this->customer->isLogged()) {
                    $data['phone_callback'] = $this->customer->getTelephone();
                } else {
                    $data['phone_callback'] = '';
                }
            ]]></add>
        </operation>
        <operation>
            <search><![CDATA[
                return $this->load->view('common/header', $data);
            ]]></search>
            <add position="after" offset="1"><![CDATA[
                public function write() {
                    $this->load->language('extension/module/feedback');

                    if ($this->request->server['REQUEST_METHOD'] == 'POST') {
                        $data['error_name'] =  $this->language->get('error_name');
                        $data['error_phone'] =  $this->language->get('error_phone');
                        $data['text_success'] = $this->language->get('text_success');
                        
                        if ((utf8_strlen($this->request->post['name']) < 3) || (utf8_strlen($this->request->post['name']) > 25)) {
                            $json['error'] = $data['error_name'];
                        }

                        if ((utf8_strlen($this->request->post['phone']) < 3) || (utf8_strlen($this->request->post['phone']) > 25)) {
                            $json['error'] = $data['error_phone'];
                        }
                        
                        if (!isset($json['error'])) {
                            $json['success'] = $data['text_success'];
                            
                            $mail = new Mail($this->config->get('config_mail_engine'));
                            $mail->parameter = $this->config->get('config_mail_parameter');
                            $mail->smtp_hostname = $this->config->get('config_mail_smtp_hostname');
                            $mail->smtp_username = $this->config->get('config_mail_smtp_username');
                            $mail->smtp_password = html_entity_decode($this->config->get('config_mail_smtp_password'), ENT_QUOTES, 'UTF-8');
                            $mail->smtp_port = $this->config->get('config_mail_smtp_port');
                            $mail->smtp_timeout = $this->config->get('config_mail_smtp_timeout');
                
                            $mail->setTo($this->config->get('config_email'));
                            $mail->setFrom($this->config->get('config_email'));
                            $mail->setSender(html_entity_decode($this->request->post['name'], ENT_QUOTES, 'UTF-8'));
                            $mail->setSubject(html_entity_decode(sprintf($this->language->get('email_subject_callback'), $this->request->post['name']), ENT_QUOTES, 'UTF-8'));
                            $mail->setText($this->request->post['name'] . ' ' . $this->request->post['phone']);
                            $mail->send();
                        }
                    }

                    $this->response->addHeader('Content-Type: application/json');
                    $this->response->setOutput(json_encode($json));
                }
            ]]></add>
        </operation>
    </file>

    <file path="catalog/view/theme/*/template/common/header.twig">
        <operation>
            <search><![CDATA[
                <li><a href="{{ contact }}"><i class="fa fa-phone"></i></a> <span class="hidden-xs hidden-sm hidden-md">{{ telephone }}</span></li>
            ]]></search>
            <add position="after"><![CDATA[
                {% if callback_active == 1 %}
                <li><a href="#modalFeedbackHeader" id="button_feedback" data-toggle="modal"><i class="fa fa-volume-control-phone"></i> <span class="hidden-xs hidden-sm hidden-md">{{ text_button_callback }}</span></a></li>
                {% endif %}
            ]]></add>
        </operation>
        <operation>
            <search><![CDATA[
                <header>
            ]]></search>
            <add position="before"><![CDATA[
                {% if callback_active == 1 %}
                <div class="modal fade" id="modalFeedbackHeader" tabindex="-1" role="dialog" aria-labelledby="modalFeedbackHeaderLabel" aria-hidden="true">
                  <div class="modal-dialog" role="document">
                    <div class="modal-content">
                      <div class="modal-body">
                        <div style="display:inline-block; width: 100%; text-align:right;">
                          <button type="button" class="close" data-dismiss="modal" aria-label="Close">
                            <span aria-hidden="true">&times;</span>
                          </button>
                        </div>
                        <form class="form-horizontal" id="form-feedback-header">
                          <div class="form-group required">
                            <div class="col-sm-12">
                              <label class="control-label" for="input-name">{{ entry_name }}</label>
                              <input type="text" name="name" value="{{ name_callback }}" id="input-name" class="form-control" />
                            </div>
                            <div class="col-sm-12">
                              <label class="control-label" for="input-phone">{{ entry_phone }}</label>
                              <input type="text" name="phone" value="{{ phone_callback }}" id="input-phone" class="form-control" />
                            </div>
                          </div>
                        </form>
                        <button type="button" id="button_send_feedback_header" data-loading-text="{{ text_loading }}"  class="btn btn-primary">{{ text_send }}</button>
                      </div>
                    </div>
                  </div>
                </div>
                <script>
                  $('#button_send_feedback_header').on('click', function () {
                    $.ajax({
                      url: 'index.php?route=common/header/write',
                      type: 'post',
                      dataType: 'json',
                      data: $("#form-feedback-header").serialize(),
                      beforeSend: function () {
                        $('#button_send_feedback_header').button('loading');
                      },
                      complete: function () {
                        $('#button_send_feedback_header').button('reset');
                      },
                      success: function (json) {
                        $('.alert-success, .alert-danger').remove();
                        if (json['error']) {
                          $('#form-feedback-header').after('<div class="alert alert-danger" style="margin:20px 0;"><i class="fa fa-exclamation-circle"></i> ' + json['error'] + '</div>');
                        }
                        if (json['success']) {
                          $('#form-feedback-header').after('<div class="alert alert-success" style="margin:20px 0;"><i class="fa fa-check-circle"></i> ' + json['success'] + '</div>');
                          $('input[name=\'name\']').val('');
                          $('input[name=\'phone\']').val('');
                        }
                      }
                    });
                  });
                </script>
                {% endif %}
            ]]></add>
        </operation>
    </file>
	
</modification>
