<?xml version="1.0" encoding="utf-8"?>
<modification>
  <name>Modification Fanes Theme</name>
  <code>default</code>
  <version>1.0</version>
  <author>Romanbbws</author>
  <link>http://www.opencart.com</link>
  <file path="catalog/controller/common/menu.php">
	<operation>
      <search>
        <![CDATA[$this->load->language('common/menu');]]>
      </search>
      <add position="after">
        <![CDATA[		
		if ($this->config->get('configblog_blog_menu')) {
			$data['blog_menu'] = $this->load->controller('blog/menu');
		} else {
			$data['blog_menu'] = '';
		}]]>
      </add>
    </operation>
  </file> 
  
  
   <file path="catalog/controller/common/menu.php">
	<operation>
      <search>
        <![CDATA[$this->load->language('common/menu');]]>
      </search>
      <add position="after">
        <![CDATA[
        $data['manufacturer'] = $this->url->link('product/manufacturer');
        $data['contact'] = $this->url->link('information/contact');
        $data['special'] = $this->url->link('product/special');
        $data['search'] = $this->load->controller('common/search');
        $data['logged'] = $this->customer->isLogged();
		$data['account'] = $this->url->link('account/account', '', true);
		$data['register'] = $this->url->link('account/register', '', true);
		$data['login'] = $this->url->link('account/login', '', true);
		$data['order'] = $this->url->link('account/order', '', true);
		$data['transaction'] = $this->url->link('account/transaction', '', true);
		$data['download'] = $this->url->link('account/download', '', true);
		$data['logout'] = $this->url->link('account/logout', '', true);
		$data['language'] = $this->load->controller('common/language');
		$data['currency'] = $this->load->controller('common/currency');
        $data['wishlist'] = $this->url->link('account/wishlist', '', true);
        $data['compare'] = $this->url->link('product/compare');
        $data['text_compare'] = sprintf($this->language->get('text_compare'), (isset($this->session->data['compare']) ? count($this->session->data['compare']) : 0));
				if ($this->customer->isLogged()) {
			$this->load->model('account/wishlist');

			$data['text_wishlist'] = sprintf($this->language->get('text_wishlist'), $this->model_account_wishlist->getTotalWishlist());
		} else {
			$data['text_wishlist'] = sprintf($this->language->get('text_wishlist'), (isset($this->session->data['wishlist']) ? count($this->session->data['wishlist']) : 0));
		}		
		$data['informations'] = array();

		foreach ($this->model_catalog_information->getInformations() as $result) {
			if ($result['bottom']) {
				$data['informations'][] = array(
					'title' => $result['title'],
					'href'  => $this->url->link('information/information', 'information_id=' . $result['information_id'])
				);
			}
		}]]>
      </add>
    </operation>
  </file> 
  
    <file path="catalog/language/ru-ru/common/menu.php">
	<operation>
      <search>
        <![CDATA[$_['text_all']           = 'Смотреть Все';]]>
      </search>
      <add position="after">
        <![CDATA[		
		$_['text_compare']      = 'Сравнение товаров (%s)';
     ]]>
      </add>
    </operation>
  </file> 
  
  
  <file path="catalog/language/en-gb/common/menu.php">
	<operation>
      <search>
        <![CDATA[$_['text_all'] = 'Show All';]]>
      </search>
      <add position="after">
        <![CDATA[		
		$_['text_compare']      = 'Product Compare (%s)';
     ]]>
      </add>
    </operation>
  </file> 
  
  <file path="catalog/controller/common/header.php">
	<operation>
      <search>
        <![CDATA[$data['home'] = $this->url->link('common/home');]]>
      </search>
      <add position="after">
        <![CDATA[		
		$data['store'] = $this->config->get('config_name');
		$data['address'] = nl2br($this->config->get('config_address'));
		$data['geocode'] = $this->config->get('config_geocode');
		$data['geocode_hl'] = $this->config->get('config_language');
		$data['telephone'] = $this->config->get('config_telephone');
		$data['fax'] = $this->config->get('config_fax');
		$data['open'] = nl2br($this->config->get('config_open'));
		$data['comment'] = $this->config->get('config_comment');
        $data['email'] = $this->config->get('config_email');
     ]]>
      </add>
    </operation>
  </file> 
  
</modification>
